Freq,Posting_ptr,Terms_ptr
4,"[29, 47, 44, 2]",0
2,"[48, 46]",4
3,"[30, 65, 30]",9
16,"[14, 28, 70, 69, 68, 11, 36, 10, 63, 56, 35, 6, 35, 54, 57, 4]",14
20,"[41, 33, 30, 38, 37, 35, 73, 57, 85, 15, 65, 83, 58, 82, 27, 45, 47, 18, 44, 77]",17
1,[78],23
2,"[58, 58]",31
2,"[9, 17]",35
1,[34],44
1,[81],53
2,"[1, 48]",57
1,[7],62
2,"[18, 32]",71
4,"[49, 40, 49, 64]",75
24,"[13, 3, 23, 60, 21, 16, 31, 17, 24, 21, 67, 19, 17, 19, 13, 5, 37, 30, 50, 58, 30, 13, 38, 13]",80
2,"[17, 67]",83
3,"[4, 68, 71]",89
1,[13],92
8,"[17, 40, 14, 34, 23, 70, 21, 35]",96
1,[59],100
5,"[60, 59, 34, 9, 33]",104
1,[48],109
1,[48],117
1,[27],123
2,"[61, 13]",132
1,[50],137
1,[57],146
3,"[42, 61, 28]",150
1,[9],159
10,"[30, 42, 30, 33, 67, 16, 31, 30, 0, 64]",162
5,"[66, 34, 16, 47, 30]",166
1,[14],171
1,[81],175
1,[44],179
1,[30],184
1,[27],194
16,"[12, 26, 12, 26, 26, 26, 73, 20, 74, 30, 22, 12, 73, 76, 20, 20]",198
2,"[75, 52]",206
16,"[56, 61, 61, 36, 54, 36, 27, 27, 23, 18, 9, 5, 17, 24, 23, 54]",208
2,"[34, 18]",212
21,"[63, 63, 63, 21, 61, 46, 45, 52, 16, 56, 56, 31, 16, 29, 21, 59, 59, 59, 59, 59, 29]",215
5,"[16, 32, 27, 5, 68]",219
1,[44],224
2,"[53, 15]",230
1,[16],235
1,[58],243
1,[55],251
1,[29],255
8,"[68, 18, 16, 60, 59, 54, 45, 43]",260
1,[15],266
3,"[33, 35, 62]",275
2,"[4, 3]",280
1,[72],283
3,"[20, 62, 20]",289
2,"[45, 48]",292
1,[71],296
1,[48],303
9,"[30, 36, 31, 22, 47, 24, 67, 59, 29]",308
3,"[16, 81, 37]",312
1,[23],316
4,"[17, 17, 17, 17]",321
1,[44],325
1,[46],335
3,"[62, 55, 62]",344
1,[35],351
11,"[49, 48, 44, 47, 44, 44, 44, 50, 35, 59, 26]",364
2,"[59, 62]",374
1,[29],377
1,[15],384
1,[47],391
1,[77],395
1,[48],399
3,"[47, 7, 15]",406
1,[49],410
1,[27],416
1,[56],421
1,[12],425
1,[59],433
1,[11],441
1,[51],446
5,"[44, 2, 49, 48, 47]",448
5,"[21, 6, 20, 44, 74]",452
1,[81],456
19,"[64, 10, 3, 62, 25, 21, 42, 28, 54, 57, 58, 84, 58, 37, 43, 74, 69, 48, 58]",463
1,[75],467
2,"[16, 16]",470
4,"[28, 34, 10, 24]",477
1,[50],480
2,"[53, 1]",494
2,"[52, 44]",498
3,"[78, 63, 84]",505
2,"[14, 5]",509
1,[5],512
1,[14],516
1,[77],522
4,"[80, 80, 75, 80]",529
1,[10],534
1,[34],537
1,[19],542
2,"[10, 40]",550
12,"[59, 36, 66, 72, 27, 22, 36, 27, 28, 56, 31, 58]",559
7,"[2, 48, 22, 49, 21, 57, 2]",563
4,"[81, 16, 80, 83]",569
3,"[62, 29, 19]",574
1,[12],580
3,"[52, 21, 47]",586
2,"[7, 72]",590
1,[53],595
3,"[77, 77, 63]",600
1,[81],605
1,[83],609
1,[37],615
2,"[35, 35]",623
1,[40],631
1,[81],635
3,"[16, 21, 68]",640
1,[10],645
4,"[18, 18, 18, 18]",648
4,"[79, 79, 79, 79]",655
9,"[7, 69, 76, 28, 34, 70, 28, 15, 76]",662
1,[9],671
1,[26],677
16,"[47, 52, 49, 44, 44, 52, 27, 62, 20, 26, 29, 50, 68, 33, 50, 62]",683
2,"[67, 67]",691
1,[59],697
1,[10],701
4,"[48, 57, 57, 57]",709
13,"[83, 4, 62, 28, 11, 28, 11, 22, 69, 34, 47, 36, 59]",716
1,[30],722
5,"[72, 2, 14, 25, 72]",727
1,[15],736
2,"[26, 35]",747
3,"[77, 17, 3]",753
2,"[9, 5]",758
1,[41],764
1,[44],770
5,"[39, 14, 13, 70, 45]",778
1,[6],782
1,[6],787
4,"[55, 47, 44, 54]",794
2,"[10, 10]",798
4,"[62, 57, 44, 24]",803
1,[82],808
5,"[18, 18, 32, 9, 77]",814
2,"[77, 77]",819
1,[16],823
12,"[45, 23, 9, 16, 18, 76, 47, 59, 57, 56, 54, 61]",831
1,[60],839
1,[21],844
2,"[2, 50]",848
8,"[62, 55, 20, 41, 52, 57, 62, 59]",854
1,[76],861
1,[1],865
1,[78],871
2,"[19, 19]",878
1,[67],884
4,"[38, 51, 38, 51]",891
1,[67],896
1,[54],905
1,[32],913
1,[16],918
2,"[26, 44]",925
1,[81],931
11,"[14, 61, 27, 5, 53, 38, 15, 65, 40, 39, 34]",940
7,"[60, 16, 75, 79, 63, 15, 52]",946
1,[42],953
2,"[85, 86]",959
1,[62],967
4,"[29, 64, 62, 62]",980
1,[80],987
4,"[64, 37, 74, 29]",992
10,"[80, 56, 27, 28, 26, 1, 24, 73, 80, 36]",999
1,[33],1007
1,[1],1015
1,[17],1023
5,"[21, 47, 74, 44, 23]",1029
4,"[57, 49, 44, 81]",1036
1,[55],1045
1,[56],1053
1,[16],1059
1,[1],1067
1,[2],1076
1,[37],1087
2,"[50, 51]",1097
1,[1],1104
2,"[8, 22]",1114
1,[5],1120
5,"[14, 56, 45, 56, 3]",1128
2,"[47, 40]",1135
2,"[59, 44]",1144
1,[66],1151
1,[39],1163
2,"[85, 75]",1172
1,[59],1178
3,"[60, 30, 25]",1186
1,[29],1194
1,[26],1203
1,[51],1211
2,"[61, 43]",1220
1,[27],1231
3,"[29, 56, 0]",1239
1,[40],1247
1,[34],1258
4,"[43, 30, 77, 40]",1267
2,"[25, 66]",1277
2,"[47, 48]",1284
1,[21],1292
3,"[19, 55, 28]",1299
4,"[42, 13, 9, 18]",1308
2,"[53, 13]",1315
2,"[36, 26]",1323
1,[32],1330
1,[28],1339
1,[66],1350
1,[18],1357
7,"[7, 60, 1, 61, 10, 3, 33]",1365
1,[14],1372
1,[10],1381
1,[59],1390
1,[5],1400
1,[17],1409
1,[81],1418
1,[84],1426
1,[66],1434
1,[52],1442
1,[59],1449
5,"[62, 55, 17, 30, 65]",1458
1,[59],1464
2,"[76, 81]",1471
1,[59],1479
1,[57],1488
1,[8],1496
5,"[48, 67, 9, 59, 81]",1505
1,[6],1510
1,[14],1518
3,"[25, 66, 7]",1522
1,[16],1527
1,[55],1535
4,"[43, 25, 25, 84]",1540
2,"[82, 58]",1545
1,[36],1553
1,[32],1558
1,[21],1563
4,"[5, 69, 7, 72]",1571
1,[24],1576
1,[41],1584
1,[1],1587
1,[30],1594
26,"[7, 6, 28, 13, 13, 27, 0, 56, 27, 85, 46, 11, 67, 9, 10, 13, 10, 29, 6, 54, 5, 85, 42, 5, 6, 4]",1598
1,[17],1602
1,[55],1609
2,"[59, 44]",1618
1,[48],1625
1,[72],1630
3,"[37, 37, 37]",1635
1,[28],1643
1,[57],1647
1,[54],1653
2,"[2, 2]",1657
1,[34],1666
2,"[77, 77]",1672
6,"[46, 24, 32, 32, 32, 43]",1674
1,[43],1678
1,[4],1684
1,[27],1688
1,[38],1694
7,"[30, 26, 47, 46, 16, 65, 59]",1701
9,"[51, 36, 77, 77, 77, 68, 17, 17, 17]",1707
1,[43],1711
3,"[25, 25, 27]",1716
2,"[55, 30]",1721
2,"[86, 72]",1726
1,[16],1731
2,"[12, 22]",1738
1,[38],1743
5,"[15, 15, 15, 15, 15]",1751
1,[76],1756
1,[48],1763
1,[1],1769
1,[56],1775
2,"[46, 46]",1781
1,[28],1784
1,[69],1793
1,[28],1797
1,[59],1800
1,[74],1805
1,[69],1811
3,"[49, 83, 82]",1818
14,"[2, 29, 2, 29, 15, 29, 11, 2, 2, 29, 2, 29, 2, 29]",1826
1,[21],1831
4,"[78, 78, 78, 78]",1840
2,"[42, 16]",1843
1,[59],1849
1,[79],1852
5,"[71, 4, 4, 9, 13]",1856
2,"[6, 6]",1860
1,[10],1865
3,"[15, 15, 15]",1871
4,"[47, 74, 34, 74]",1878
2,"[80, 38]",1887
1,[81],1898
1,[24],1905
1,[83],1911
3,"[47, 47, 47]",1917
1,[36],1922
2,"[36, 36]",1931
4,"[47, 47, 47, 47]",1937
2,"[25, 25]",1941
1,[44],1946
2,"[77, 74]",1950
1,[66],1954
4,"[23, 17, 23, 17]",1963
3,"[6, 7, 5]",1965
9,"[54, 27, 24, 27, 71, 61, 31, 28, 31]",1971
1,[69],1976
1,[18],1983
6,"[81, 36, 36, 36, 36, 36]",1989
1,[80],1996
1,[48],2002
1,[54],2013
2,"[28, 18]",2016
1,[36],2026
2,"[70, 70]",2032
1,[18],2038
10,"[29, 29, 8, 28, 55, 53, 17, 25, 21, 17]",2043
3,"[71, 11, 7]",2048
1,[19],2052
12,"[13, 16, 13, 13, 21, 21, 37, 21, 19, 37, 19, 37]",2057
1,[0],2062
11,"[37, 58, 76, 83, 76, 83, 1, 58, 83, 47, 47]",2066
1,[75],2072
2,"[28, 76]",2078
11,"[49, 57, 57, 49, 26, 38, 62, 19, 41, 80, 62]",2084
1,[70],2089
172,"[17, 38, 48, 58, 32, 59, 62, 28, 37, 62, 30, 41, 24, 83, 83, 57, 57, 84, 23, 69, 47, 62, 23, 56, 64, 39, 59, 20, 23, 62, 20, 47, 26, 59, 43, 42, 17, 25, 28, 49, 65, 56, 24, 28, 57, 38, 27, 18, 65, 65, 58, 29, 24, 27, 58, 21, 41, 86, 31, 27, 18, 63, 67, 27, 60, 65, 59, 27, 31, 51, 24, 41, 29, 40, 18, 28, 61, 47, 65, 50, 24, 22, 17, 59, 68, 50, 30, 63, 21, 68, 2, 47, 27, 27, 85, 32, 85, 17, 4, 55, 43, 46, 47, 84, 45, 16, 14, 35, 74, 74, 54, 44, 16, 47, 0, 36, 86, 71, 36, 80, 81, 33, 45, 72, 72, 36, 81, 16, 54, 80, 33, 71, 73, 80, 5, 35, 36, 15, 16, 34, 35, 44, 77, 77, 12, 10, 43, 5, 35, 46, 35, 16, 13, 54, 34, 76, 54, 76, 76, 47, 77, 10, 54, 14, 52, 78, 78, 82, 76, 75, 47, 34]",2097
1,[67],2100
1,[5],2105
46,"[59, 63, 59, 84, 67, 63, 18, 29, 59, 82, 38, 44, 33, 75, 37, 26, 16, 39, 36, 61, 84, 36, 79, 22, 20, 60, 58, 33, 76, 80, 63, 43, 63, 43, 56, 36, 4, 16, 52, 82, 53, 32, 35, 53, 45, 43]",2111
1,[47],2116
67,"[15, 9, 83, 27, 17, 33, 48, 41, 32, 1, 50, 17, 86, 58, 26, 73, 44, 21, 47, 6, 52, 64, 19, 58, 45, 82, 46, 74, 47, 50, 37, 12, 20, 27, 80, 84, 29, 66, 30, 56, 60, 53, 68, 24, 44, 36, 38, 28, 7, 76, 8, 30, 70, 74, 57, 61, 46, 37, 72, 25, 34, 74, 11, 23, 66, 29, 29]",2123
6,"[16, 15, 4, 68, 5, 77]",2127
1,[34],2133
3,"[64, 62, 5]",2140
2,"[44, 59]",2144
1,[62],2146
2,"[7, 6]",2150
2,"[47, 20]",2153
1,[59],2158
2,"[1, 64]",2167
2,"[21, 29]",2172
88,"[23, 34, 13, 53, 66, 44, 64, 23, 20, 77, 77, 58, 82, 47, 84, 66, 31, 24, 86, 47, 47, 69, 21, 49, 86, 54, 10, 30, 44, 13, 78, 26, 22, 17, 43, 32, 76, 28, 14, 35, 78, 62, 58, 49, 13, 76, 21, 13, 84, 23, 79, 26, 0, 27, 48, 17, 60, 81, 84, 50, 82, 2, 55, 73, 46, 28, 59, 67, 44, 50, 45, 59, 67, 44, 15, 37, 67, 51, 32, 68, 44, 31, 84, 33, 60, 33, 66, 36]",2180
1,[70],2186
1,[16],2192
4,"[82, 49, 54, 73]",2197
27,"[33, 19, 34, 16, 43, 16, 43, 16, 21, 2, 1, 42, 13, 37, 25, 3, 15, 20, 14, 31, 43, 30, 17, 42, 43, 1, 16]",2202
1,[44],2206
3,"[33, 60, 17]",2212
1,[39],2221
3,"[17, 5, 23]",2225
2,"[39, 50]",2231
1,[82],2235
174,"[64, 63, 70, 49, 6, 34, 71, 25, 7, 25, 34, 36, 2, 83, 22, 82, 26, 55, 36, 64, 82, 27, 3, 22, 17, 80, 53, 0, 59, 25, 10, 1, 2, 47, 40, 12, 44, 85, 54, 56, 10, 6, 25, 49, 68, 76, 59, 44, 43, 51, 3, 30, 40, 32, 18, 59, 13, 76, 63, 64, 11, 78, 58, 24, 56, 27, 17, 84, 3, 63, 11, 30, 29, 49, 82, 68, 54, 13, 76, 50, 15, 47, 66, 53, 74, 14, 21, 61, 66, 19, 54, 34, 3, 46, 54, 27, 46, 66, 1, 8, 67, 27, 49, 26, 55, 52, 16, 10, 59, 45, 82, 79, 42, 9, 66, 82, 3, 1, 20, 79, 50, 57, 56, 81, 31, 66, 57, 41, 14, 66, 15, 20, 57, 33, 61, 67, 73, 60, 8, 10, 35, 65, 37, 31, 22, 58, 29, 80, 57, 82, 22, 3, 28, 38, 55, 6, 67, 57, 49, 5, 70, 39, 62, 21, 14, 56, 0, 55, 73, 30, 14, 15, 75, 47]",2241
1,[44],2243
2,"[56, 30]",2253
1,[31],2261
1,[58],2267
1,[46],2274
2,"[27, 24]",2281
1,[28],2289
1,[76],2299
11,"[2, 62, 47, 20, 50, 57, 48, 44, 39, 52, 22]",2308
1,[50],2316
2,"[35, 84]",2322
1,[82],2328
1,[84],2334
1,[74],2343
1,[37],2352
1,[47],2360
1,[28],2365
1,[35],2371
1,[67],2381
1,[64],2389
1,[15],2398
2,"[67, 15]",2409
3,"[51, 48, 44]",2417
4,"[84, 84, 76, 86]",2426
1,[63],2434
6,"[58, 62, 29, 62, 62, 65]",2441
1,[83],2450
1,[47],2457
1,[25],2463
3,"[84, 77, 86]",2473
1,[56],2478
1,[9],2487
1,[82],2496
1,[66],2502
1,[16],2510
1,[17],2518
1,[37],2529
1,[36],2538
9,"[76, 46, 57, 48, 28, 1, 43, 75, 47]",2547
2,"[34, 59]",2554
2,"[30, 55]",2564
3,"[55, 17, 55]",2576
1,[13],2585
8,"[60, 17, 34, 27, 33, 23, 26, 58]",2592
1,[44],2602
1,[47],2609
1,[41],2619
1,[70],2629
2,"[36, 54]",2636
1,[30],2642
1,[79],2654
1,[66],2661
3,"[19, 37, 81]",2669
1,[29],2678
1,[34],2685
1,[76],2691
1,[81],2700
1,[51],2706
1,[47],2716
2,"[14, 14]",2727
1,[26],2740
3,"[85, 79, 80]",2752
1,[32],2761
2,"[75, 77]",2768
2,"[77, 58]",2778
1,[1],2788
1,[86],2794
1,[15],2801
2,"[55, 49]",2810
2,"[62, 55]",2819
1,[8],2829
4,"[82, 73, 84, 84]",2833
1,[30],2842
1,[36],2851
2,"[19, 49]",2857
2,"[23, 22]",2864
1,[59],2874
1,[67],2889
1,[2],2895
1,[25],2905
1,[74],2911
1,[21],2921
1,[34],2929
1,[82],2939
1,[38],2947
1,[43],2953
2,"[27, 27]",2963
1,[83],2971
4,"[82, 37, 2, 29]",2978
1,[36],2987
1,[2],2994
5,"[9, 63, 78, 80, 56]",3002
1,[22],3005
1,[65],3008
1,[16],3013
3,"[63, 37, 13]",3021
1,[22],3024
1,[41],3029
2,"[2, 2]",3033
3,"[16, 3, 84]",3038
3,"[38, 51, 15]",3042
1,[79],3047
1,[80],3051
4,"[9, 16, 9, 17]",3057
1,[3],3062
1,[16],3065
2,"[16, 3]",3072
2,"[34, 18]",3075
6,"[54, 26, 18, 54, 7, 36]",3084
1,[15],3091
1,[69],3097
1,[64],3105
1,[25],3109
1,[27],3116
3,"[59, 50, 50]",3122
1,[4],3128
1,[23],3133
1,[3],3138
6,"[23, 17, 64, 50, 49, 50]",3144
2,"[70, 76]",3149
8,"[15, 44, 9, 15, 59, 44, 35, 35]",3153
2,"[62, 62]",3158
1,[18],3162
1,[9],3167
1,[28],3171
1,[36],3177
1,[45],3181
11,"[60, 27, 27, 28, 60, 18, 27, 39, 54, 58, 24]",3186
1,[54],3195
1,[23],3200
1,[54],3207
3,"[34, 28, 27]",3212
8,"[2, 0, 4, 69, 3, 6, 1, 46]",3218
15,"[51, 7, 25, 67, 25, 22, 21, 73, 76, 71, 23, 71, 36, 32, 37]",3224
2,"[27, 25]",3228
2,"[23, 23]",3237
3,"[27, 28, 34]",3245
1,[59],3248
1,[24],3252
2,"[20, 52]",3255
1,[7],3261
4,"[49, 84, 6, 54]",3263
2,"[35, 33]",3268
1,[59],3274
1,[16],3281
1,[39],3289
1,[16],3293
2,"[81, 81]",3301
1,[7],3307
1,[28],3313
1,[24],3322
1,[32],3331
4,"[44, 47, 49, 44]",3336
1,[49],3340
1,[60],3349
1,[27],3355
4,"[15, 2, 29, 4]",3361
5,"[11, 29, 11, 11, 29]",3367
17,"[62, 82, 47, 59, 59, 62, 62, 62, 52, 59, 59, 59, 52, 62, 59, 59, 24]",3378
1,[59],3384
1,[19],3393
1,[70],3401
1,[70],3408
1,[43],3416
1,[51],3422
1,[16],3430
6,"[44, 44, 44, 44, 59, 44]",3435
2,"[10, 10]",3441
1,[48],3448
1,[70],3450
5,"[83, 83, 63, 83, 83]",3455
1,[75],3461
1,[40],3467
1,[39],3471
2,"[11, 10]",3474
2,"[12, 12]",3482
4,"[78, 78, 78, 78]",3486
2,"[64, 27]",3488
1,[31],3491
4,"[66, 66, 66, 66]",3496
2,"[66, 66]",3500
4,"[66, 66, 66, 66]",3506
6,"[69, 83, 69, 73, 82, 78]",3512
1,[63],3518
1,[44],3523
3,"[45, 58, 45]",3527
1,[46],3532
11,"[12, 8, 64, 22, 22, 64, 47, 64, 8, 12, 22]",3538
1,[20],3541
3,"[20, 27, 25]",3549
6,"[81, 37, 70, 70, 16, 74]",3556
2,"[14, 14]",3560
12,"[68, 23, 35, 29, 31, 31, 1, 17, 31, 3, 24, 66]",3565
1,[67],3571
5,"[74, 76, 74, 77, 86]",3581
2,"[28, 24]",3586
3,"[41, 41, 41]",3588
2,"[53, 16]",3593
1,[66],3598
2,"[44, 55]",3606
2,"[28, 18]",3609
1,[11],3613
1,[41],3622
1,[56],3636
2,"[27, 30]",3643
8,"[46, 13, 13, 53, 17, 9, 84, 2]",3651
6,"[69, 17, 68, 13, 76, 60]",3656
20,"[27, 63, 84, 78, 65, 17, 82, 17, 25, 25, 63, 17, 65, 57, 36, 68, 78, 59, 51, 51]",3661
1,[54],3665
1,[86],3672
2,"[29, 21]",3677
5,"[1, 1, 41, 41, 41]",3682
1,[70],3687
1,[66],3693
1,[67],3699
1,[17],3706
1,[57],3711
2,"[63, 63]",3717
3,"[78, 27, 82]",3721
1,[1],3729
1,[41],3734
1,[33],3742
2,"[7, 21]",3747
1,[36],3752
2,"[11, 11]",3760
1,[33],3764
2,"[59, 57]",3769
9,"[11, 18, 17, 36, 51, 23, 79, 1, 17]",3775
3,"[47, 47, 47]",3781
1,[39],3783
3,"[32, 32, 32]",3788
2,"[28, 18]",3797
1,[35],3802
1,[69],3809
1,[49],3814
4,"[56, 21, 53, 56]",3819
2,"[41, 41]",3824
5,"[16, 81, 73, 54, 61]",3826
1,[47],3831
1,[48],3837
1,[47],3841
2,"[3, 3]",3848
1,[41],3852
1,[43],3854
3,"[79, 79, 30]",3858
2,"[15, 13]",3862
1,[50],3866
1,[57],3868
3,"[39, 78, 78]",3872
1,[44],3877
1,[52],3885
8,"[12, 7, 28, 16, 21, 31, 30, 35]",3887
1,[62],3892
7,"[78, 51, 46, 51, 83, 26, 12]",3900
1,[18],3909
2,"[3, 16]",3915
2,"[58, 51]",3924
9,"[69, 33, 0, 1, 2, 3, 6, 24, 4]",3932
6,"[34, 35, 62, 16, 43, 35]",3936
1,[14],3945
7,"[43, 27, 28, 29, 16, 22, 56]",3950
1,[27],3955
76,"[19, 36, 70, 44, 51, 66, 13, 33, 33, 48, 36, 44, 5, 76, 15, 17, 17, 54, 52, 67, 47, 74, 67, 44, 14, 70, 47, 82, 84, 67, 16, 44, 43, 31, 77, 21, 49, 59, 22, 22, 30, 48, 51, 58, 82, 50, 40, 62, 20, 62, 48, 62, 85, 62, 29, 39, 37, 50, 26, 61, 27, 37, 37, 51, 38, 53, 65, 29, 21, 38, 20, 48, 46, 66, 28, 66]",3962
1,[74],3965
4,"[46, 42, 54, 54]",3971
3,"[9, 11, 11]",3980
1,[69],3994
1,[20],4007
1,[66],4016
1,[16],4029
1,[78],4035
2,"[26, 26]",4041
1,[75],4048
3,"[49, 1, 49]",4053
1,[75],4058
4,"[72, 27, 78, 18]",4061
10,"[32, 59, 34, 55, 47, 53, 10, 47, 83, 51]",4069
2,"[10, 6]",4072
1,[62],4075
1,[13],4080
1,[64],4084
1,[46],4091
2,"[51, 51]",4097
1,[85],4101
2,"[16, 63]",4105
17,"[27, 21, 61, 30, 3, 27, 20, 27, 49, 80, 3, 80, 79, 22, 10, 27, 26]",4112
1,[27],4117
3,"[36, 25, 46]",4122
5,"[43, 51, 43, 51, 51]",4125
4,"[71, 69, 59, 2]",4129
1,[28],4135
1,[16],4142
2,"[26, 29]",4147
1,[47],4151
1,[53],4158
1,[64],4164
2,"[67, 67]",4168
2,"[10, 19]",4178
6,"[47, 8, 56, 15, 48, 15]",4183
28,"[73, 46, 44, 66, 74, 66, 10, 20, 66, 19, 44, 66, 47, 58, 35, 78, 62, 49, 49, 45, 49, 35, 26, 49, 47, 47, 29, 49]",4187
1,[4],4191
1,[9],4201
1,[68],4209
2,"[51, 51]",4213
1,[3],4217
1,[39],4224
5,"[14, 14, 56, 21, 14]",4230
1,[59],4238
2,"[15, 82]",4245
2,"[45, 11]",4250
3,"[17, 67, 16]",4256
3,"[59, 27, 74]",4262
2,"[59, 59]",4266
22,"[82, 35, 85, 65, 18, 32, 57, 57, 57, 84, 57, 41, 77, 77, 84, 77, 59, 75, 84, 38, 46, 84]",4275
1,[66],4277
1,[20],4280
4,"[33, 26, 33, 33]",4285
1,[44],4290
1,[48],4298
38,"[27, 84, 59, 63, 46, 79, 23, 51, 22, 9, 24, 30, 65, 41, 10, 60, 58, 27, 65, 21, 47, 29, 58, 58, 53, 46, 15, 18, 32, 0, 43, 16, 57, 14, 36, 11, 13, 16]",4303
1,[62],4307
1,[41],4311
1,[51],4318
1,[17],4321
2,"[62, 29]",4326
1,[10],4332
1,[10],4336
1,[55],4342
2,"[74, 74]",4346
1,[52],4351
1,[20],4359
5,"[17, 3, 11, 2, 1]",4361
14,"[14, 34, 72, 6, 8, 15, 3, 70, 2, 34, 58, 0, 5, 12]",4364
3,"[14, 14, 14]",4373
4,"[72, 83, 73, 36]",4377
1,[16],4383
2,"[35, 34]",4389
2,"[39, 39]",4393
1,[18],4396
4,"[2, 24, 59, 14]",4401
1,[14],4405
1,[25],4410
4,"[5, 6, 6, 4]",4418
2,"[47, 70]",4423
1,[6],4427
3,"[64, 64, 64]",4433
4,"[13, 13, 13, 13]",4441
1,[5],4449
1,[73],4458
1,[17],4462
3,"[18, 18, 18]",4467
7,"[60, 11, 85, 11, 85, 68, 11]",4475
6,"[11, 71, 0, 71, 7, 13]",4482
1,[11],4486
1,[31],4489
3,"[42, 67, 42]",4494
1,[0],4500
1,[54],4506
1,[62],4513
1,[24],4519
1,[24],4523
9,"[41, 2, 59, 47, 19, 78, 43, 62, 81]",4530
1,[18],4536
1,[62],4541
2,"[37, 64]",4546
2,"[22, 12]",4550
12,"[59, 31, 63, 54, 80, 55, 51, 39, 15, 76, 59, 30]",4557
1,[83],4564
1,[0],4568
1,[39],4574
4,"[81, 64, 68, 22]",4582
29,"[5, 4, 72, 3, 78, 39, 36, 30, 40, 61, 71, 3, 16, 5, 13, 6, 6, 47, 6, 43, 68, 38, 14, 6, 15, 47, 59, 77, 15]",4586
1,[31],4588
1,[46],4594
1,[41],4607
1,[17],4617
1,[25],4630
1,[65],4639
1,[7],4649
1,[10],4654
14,"[25, 19, 5, 22, 14, 13, 30, 8, 2, 38, 49, 12, 17, 67]",4657
1,[82],4666
3,"[5, 6, 60]",4671
1,[54],4676
3,"[13, 17, 23]",4681
1,[8],4690
1,[3],4699
1,[3],4704
1,[56],4711
1,[41],4719
1,[8],4731
2,"[53, 15]",4741
1,[66],4750
1,[33],4758
1,[54],4762
1,[80],4770
2,"[46, 85]",4776
1,[3],4784
2,"[6, 6]",4790
13,"[60, 61, 9, 10, 54, 60, 24, 33, 9, 24, 5, 36, 3]",4797
2,"[22, 67]",4805
3,"[48, 44, 47]",4814
1,[81],4821
2,"[37, 37]",4828
1,[13],4834
2,"[75, 75]",4840
5,"[62, 64, 38, 83, 47]",4848
1,[46],4856
1,[57],4862
1,[12],4870
4,"[58, 26, 53, 13]",4876
1,[55],4885
1,[35],4892
1,[5],4898
3,"[72, 72, 72]",4905
1,[47],4910
1,[55],4916
1,[16],4922
1,[27],4928
3,"[68, 68, 68]",4937
1,[69],4943
3,"[64, 64, 64]",4949
2,"[16, 58]",4953
1,[8],4962
1,[50],4971
1,[11],4978
4,"[22, 12, 12, 22]",4983
5,"[63, 62, 20, 20, 20]",4988
1,[86],4994
1,[3],5000
1,[82],5007
1,[3],5014
1,[23],5020
1,[21],5029
5,"[16, 16, 65, 65, 65]",5037
1,[27],5045
1,[1],5054
1,[72],5064
2,"[43, 80]",5073
2,"[51, 3]",5078
1,[39],5084
9,"[14, 13, 6, 49, 21, 66, 34, 34, 21]",5090
2,"[47, 48]",5100
1,[81],5109
19,"[35, 84, 44, 70, 86, 35, 40, 63, 69, 71, 13, 50, 78, 76, 85, 37, 27, 59, 47]",5117
3,"[59, 14, 36]",5121
1,[48],5127
1,[28],5131
1,[20],5140
1,[15],5149
1,[6],5155
2,"[44, 1]",5163
1,[31],5167
1,[64],5174
1,[44],5179
9,"[47, 47, 47, 47, 39, 39, 39, 39, 47]",5185
1,[43],5193
1,[62],5197
7,"[61, 33, 26, 77, 58, 18, 30]",5207
16,"[27, 60, 34, 17, 17, 54, 23, 17, 54, 5, 17, 6, 18, 50, 17, 17]",5209
4,"[26, 52, 46, 51]",5214
3,"[20, 57, 52]",5221
2,"[62, 29]",5229
1,[29],5236
3,"[34, 9, 43]",5244
1,[59],5251
1,[21],5260
1,[2],5267
1,[44],5277
1,[47],5288
2,"[54, 54]",5292
1,[54],5298
1,[2],5308
1,[66],5318
6,"[24, 10, 24, 24, 10, 10]",5324
9,"[16, 31, 18, 18, 18, 71, 71, 18, 71]",5330
1,[82],5334
1,[57],5340
1,[9],5346
41,"[46, 47, 54, 38, 63, 40, 59, 43, 41, 38, 24, 39, 20, 59, 42, 25, 58, 31, 53, 86, 55, 67, 26, 38, 58, 30, 60, 59, 56, 44, 20, 60, 38, 36, 67, 85, 59, 26, 80, 64, 55]",5351
2,"[42, 42]",5355
1,[79],5360
3,"[64, 64, 64]",5366
1,[42],5370
1,[47],5376
1,[46],5382
1,[74],5385
1,[29],5389
1,[83],5393
2,"[24, 29]",5398
3,"[77, 70, 84]",5402
1,[47],5409
8,"[63, 3, 61, 3, 43, 68, 63, 13]",5413
1,[9],5420
1,[69],5429
9,"[18, 42, 35, 49, 27, 34, 47, 24, 54]",5435
4,"[20, 20, 62, 52]",5443
3,"[29, 30, 26]",5447
1,[6],5453
1,[69],5460
1,[50],5463
1,[55],5467
1,[11],5472
5,"[4, 36, 59, 15, 28]",5479
14,"[54, 54, 43, 43, 45, 27, 54, 59, 16, 26, 60, 43, 54, 18]",5483
13,"[59, 81, 4, 3, 28, 65, 31, 10, 34, 79, 43, 65, 2]",5487
1,[47],5494
1,[61],5503
2,"[38, 10]",5510
10,"[59, 66, 38, 80, 66, 25, 59, 59, 55, 55]",5514
1,[41],5518
1,[50],5524
4,"[14, 14, 59, 59]",5529
4,"[5, 38, 15, 7]",5535
3,"[35, 24, 10]",5543
1,[52],5549
9,"[66, 66, 63, 66, 66, 66, 66, 66, 66]",5555
1,[13],5563
2,"[63, 14]",5568
1,[45],5573
1,[78],5578
1,[45],5582
8,"[62, 62, 62, 81, 57, 62, 62, 52]",5586
3,"[19, 19, 19]",5592
1,[28],5596
1,[38],5602
1,[53],5607
12,"[47, 47, 54, 35, 30, 24, 46, 27, 24, 62, 26, 28]",5612
1,[63],5617
1,[34],5622
3,"[60, 60, 60]",5629
1,[84],5633
1,[81],5641
1,[55],5647
3,"[2, 15, 39]",5656
1,[55],5663
3,"[29, 1, 31]",5669
5,"[3, 16, 16, 16, 17]",5675
1,[34],5680
1,[59],5688
2,"[44, 27]",5694
1,[59],5699
2,"[0, 69]",5707
1,[51],5710
2,"[43, 15]",5715
1,[6],5722
1,[15],5731
2,"[35, 23]",5741
1,[6],5746
3,"[57, 57, 50]",5751
4,"[57, 13, 66, 63]",5756
1,[16],5760
1,[65],5766
1,[34],5773
1,[28],5779
1,[78],5783
1,[27],5788
4,"[29, 47, 21, 55]",5793
3,"[38, 9, 11]",5799
2,"[56, 56]",5808
1,[39],5813
1,[47],5819
6,"[83, 78, 78, 78, 78, 78]",5826
2,"[12, 25]",5833
6,"[67, 66, 54, 27, 24, 28]",5837
1,[65],5841
1,[70],5848
2,"[45, 45]",5853
1,[84],5859
1,[79],5865
2,"[2, 69]",5870
1,[37],5874
2,"[73, 78]",5879
1,[84],5884
2,"[45, 45]",5888
4,"[53, 58, 58, 53]",5897
2,"[24, 26]",5906
1,[12],5914
1,[64],5920
2,"[6, 6]",5927
1,[2],5931
3,"[64, 59, 74]",5940
1,[41],5944
1,[1],5949
3,"[42, 72, 68]",5957
10,"[86, 68, 70, 16, 82, 73, 54, 37, 37, 32]",5962
1,[5],5969
1,[14],5974
3,"[59, 63, 63]",5982
2,"[72, 6]",5987
1,[3],5993
1,[59],6002
1,[38],6006
1,[59],6012
1,[54],6019
1,[64],6027
2,"[53, 53]",6035
8,"[81, 82, 72, 74, 74, 74, 81, 86]",6043
3,"[78, 69, 71]",6048
1,[59],6054
2,"[8, 71]",6059
9,"[22, 12, 12, 8, 22, 8, 12, 22, 22]",6063
2,"[61, 61]",6068
1,[34],6074
1,[44],6080
4,"[57, 1, 59, 38]",6086
4,"[78, 5, 27, 35]",6090
1,[62],6097
6,"[34, 14, 28, 70, 55, 59]",6108
2,"[58, 58]",6113
10,"[49, 48, 49, 1, 48, 49, 49, 64, 48, 48]",6119
1,[44],6125
4,"[28, 38, 36, 17]",6130
5,"[47, 62, 2, 47, 78]",6135
3,"[21, 17, 27]",6145
3,"[25, 27, 25]",6149
1,[84],6157
3,"[9, 6, 6]",6164
1,[48],6167
1,[52],6174
1,[72],6180
1,[73],6184
1,[18],6188
2,"[62, 47]",6195
4,"[78, 78, 78, 78]",6200
1,[68],6203
1,[55],6207
2,"[22, 28]",6213
1,[27],6222
1,[67],6229
1,[58],6236
1,[41],6243
1,[70],6250
1,[28],6257
1,[27],6264
2,"[21, 27]",6274
1,[71],6282
2,"[36, 52]",6292
1,[47],6299
1,[17],6307
1,[14],6313
1,[42],6321
2,"[9, 17]",6328
1,[54],6334
1,[26],6343
2,"[38, 20]",6351
1,[61],6361
1,[27],6370
2,"[38, 29]",6379
2,"[23, 35]",6391
1,[57],6401
1,[64],6409
1,[47],6418
1,[20],6430
1,[36],6437
1,[82],6444
2,"[42, 8]",6454
10,"[42, 3, 38, 43, 66, 34, 74, 66, 25, 3]",6461
1,[77],6468
1,[75],6475
16,"[16, 29, 50, 49, 21, 74, 24, 39, 17, 28, 46, 24, 62, 80, 67, 18]",6482
1,[64],6490
1,[57],6497
1,[26],6509
1,[20],6523
1,[47],6533
4,"[14, 53, 63, 46]",6543
2,"[38, 38]",6550
2,"[43, 43]",6561
2,"[10, 10]",6568
1,[41],6577
6,"[49, 62, 49, 15, 49, 49]",6584
9,"[40, 59, 36, 30, 3, 2, 31, 4, 69]",6590
10,"[42, 34, 20, 45, 23, 25, 33, 66, 13, 35]",6597
1,[66],6607
1,[64],6615
1,[57],6622
1,[72],6634
4,"[16, 43, 61, 63]",6642
1,[69],6651
1,[41],6658
2,"[25, 54]",6666
3,"[14, 14, 10]",6677
1,[8],6688
1,[47],6699
1,[27],6706
1,[44],6718
1,[47],6728
1,[39],6737
1,[59],6749
2,"[67, 55]",6761
2,"[67, 63]",6770
1,[54],6782
2,"[62, 66]",6790
1,[26],6798
1,[39],6807
5,"[10, 14, 68, 14, 55]",6816
5,"[34, 33, 60, 15, 25]",6827
2,"[85, 71]",6839
1,[47],6852
1,[43],6863
2,"[18, 59]",6874
1,[20],6883
4,"[29, 33, 59, 39]",6891
1,[47],6902
8,"[21, 56, 20, 31, 36, 7, 53, 59]",6909
1,[47],6918
3,"[53, 60, 66]",6930
14,"[15, 79, 60, 18, 66, 33, 12, 23, 38, 26, 77, 74, 42, 56]",6935
1,[34],6942
1,[64],6952
2,"[11, 43]",6959
1,[67],6967
1,[30],6978
2,"[58, 63]",6987
2,"[63, 56]",6994
1,[83],7003
1,[83],7009
1,[78],7016
3,"[27, 21, 61]",7020
2,"[46, 44]",7026
1,[27],7037
2,"[48, 62]",7044
3,"[36, 27, 35]",7051
1,[16],7061
1,[40],7072
1,[2],7081
7,"[30, 60, 26, 27, 79, 32, 32]",7092
4,"[42, 28, 23, 27]",7103
1,[78],7115
1,[61],7125
4,"[52, 51, 26, 51]",7132
1,[15],7141
1,[59],7152
3,"[39, 53, 59]",7160
3,"[7, 56, 47]",7169
1,[58],7174
1,[71],7183
1,[27],7190
2,"[38, 13]",7196
2,"[27, 24]",7205
1,[80],7212
2,"[47, 25]",7217
1,[15],7223
1,[44],7230
20,"[52, 22, 60, 59, 63, 62, 17, 34, 64, 78, 20, 76, 29, 26, 66, 54, 49, 32, 29, 59]",7237
1,[42],7246
1,[82],7251
11,"[23, 22, 9, 13, 49, 11, 23, 45, 12, 47, 17]",7259
1,[45],7264
4,"[82, 72, 82, 73]",7270
1,[77],7273
1,[51],7278
1,[14],7283
1,[20],7292
3,"[17, 3, 16]",7299
1,[58],7305
3,"[45, 15, 58]",7309
5,"[16, 85, 85, 68, 36]",7317
1,[65],7324
2,"[76, 52]",7332
1,[27],7338
1,[71],7344
1,[37],7350
3,"[57, 26, 57]",7356
1,[34],7363
1,[59],7367
7,"[61, 62, 52, 56, 57, 52, 57]",7370
3,"[9, 82, 61]",7374
5,"[77, 23, 36, 51, 68]",7379
1,[70],7384
1,[1],7389
1,[19],7395
3,"[30, 30, 30]",7401
1,[54],7407
24,"[20, 38, 20, 51, 51, 49, 51, 20, 26, 38, 54, 26, 38, 26, 51, 38, 46, 51, 20, 20, 52, 46, 46, 46]",7412
1,[28],7418
1,[65],7423
1,[69],7428
1,[47],7433
2,"[8, 8]",7439
3,"[50, 50, 50]",7446
2,"[67, 6]",7450
4,"[75, 46, 29, 70]",7454
1,[78],7458
3,"[21, 29, 81]",7465
1,[80],7470
1,[13],7476
4,"[43, 73, 63, 63]",7481
1,[51],7485
1,[40],7493
2,"[43, 16]",7498
1,[62],7503
2,"[26, 45]",7515
2,"[50, 12]",7521
3,"[74, 74, 74]",7527
1,[0],7534
1,[0],7541
1,[16],7546
1,[10],7552
1,[59],7558
1,[0],7563
1,[81],7566
1,[71],7572
1,[46],7581
1,[62],7586
1,[55],7589
7,"[32, 38, 75, 66, 77, 46, 80]",7593
1,[65],7595
4,"[33, 40, 66, 27]",7607
2,"[69, 33]",7613
2,"[33, 59]",7616
1,[5],7622
1,[1],7627
1,[32],7636
2,"[30, 26]",7640
1,[58],7645
1,[54],7650
3,"[11, 68, 6]",7658
2,"[31, 38]",7660
3,"[79, 79, 36]",7664
2,"[40, 66]",7670
28,"[43, 79, 44, 47, 59, 47, 80, 80, 47, 63, 51, 84, 24, 67, 29, 84, 58, 55, 48, 9, 55, 63, 24, 47, 9, 77, 77, 79]",7678
3,"[36, 36, 7]",7682
1,[14],7684
1,[18],7688
1,[82],7691
1,[43],7700
1,[69],7706
2,"[78, 78]",7709
12,"[63, 65, 17, 25, 36, 54, 14, 7, 82, 13, 23, 51]",7713
2,"[32, 32]",7718
2,"[79, 79]",7725
1,[59],7729
1,[28],7737
1,[18],7740
3,"[23, 24, 27]",7747
3,"[28, 34, 18]",7755
4,"[77, 77, 77, 77]",7762
1,[18],7768
30,"[67, 57, 44, 21, 1, 22, 44, 44, 48, 65, 59, 29, 48, 55, 78, 50, 81, 55, 59, 2, 55, 51, 2, 33, 47, 63, 48, 62, 20, 41]",7775
1,[76],7779
1,[43],7784
2,"[30, 30]",7788
3,"[16, 25, 82]",7795
2,"[50, 47]",7799
1,[26],7805
2,"[24, 27]",7813
3,"[82, 75, 75]",7822
2,"[26, 42]",7825
3,"[43, 20, 34]",7832
1,[31],7837
1,[26],7841
1,[46],7848
3,"[65, 65, 62]",7854
1,[77],7861
1,[70],7871
1,[63],7876
2,"[48, 80]",7885
4,"[80, 79, 57, 84]",7891
1,[42],7901
1,[79],7906
2,"[44, 21]",7914
1,[16],7922
1,[22],7928
5,"[67, 25, 6, 30, 7]",7935
4,"[61, 61, 61, 53]",7943
7,"[66, 26, 27, 65, 41, 30, 23]",7949
1,[34],7953
1,[6],7963
1,[75],7967
1,[33],7971
4,"[16, 24, 3, 48]",7974
2,"[54, 70]",7979
2,"[66, 10]",7984
1,[68],7989
1,[35],7993
6,"[12, 22, 50, 15, 50, 22]",8001
1,[34],8007
2,"[58, 58]",8012
6,"[63, 73, 72, 43, 73, 72]",8020
1,[39],8025
3,"[25, 71, 71]",8032
1,[72],8039
1,[35],8044
1,[59],8052
4,"[27, 20, 27, 25]",8062
1,[41],8072
5,"[9, 33, 59, 34, 60]",8079
1,[9],8084
1,[55],8091
1,[55],8096
1,[55],8105
2,"[30, 28]",8114
10,"[23, 21, 0, 31, 33, 31, 25, 35, 34, 66]",8125
4,"[30, 30, 30, 30]",8136
1,[16],8145
1,[65],8156
2,"[55, 67]",8165
1,[75],8176
1,[17],8183
1,[30],8194
1,[43],8204
1,[47],8213
1,[65],8223
1,[59],8233
1,[48],8245
1,[84],8253
1,[18],8259
2,"[72, 14]",8268
1,[28],8277
1,[44],8282
1,[51],8289
1,[47],8296
1,[52],8304
1,[14],8314
1,[84],8322
1,[43],8330
1,[18],8339
1,[54],8349
2,"[27, 36]",8360
4,"[34, 33, 60, 4]",8369
3,"[18, 16, 36]",8379
22,"[43, 31, 22, 14, 14, 40, 20, 58, 67, 34, 15, 36, 36, 54, 36, 43, 38, 35, 35, 18, 28, 23]",8389
1,[66],8399
4,"[25, 20, 25, 27]",8407
5,"[1, 59, 62, 29, 52]",8413
1,[64],8424
1,[27],8431
1,[41],8440
1,[47],8448
2,"[79, 80]",8458
1,[22],8467
2,"[16, 45]",8475
1,[1],8480
1,[46],8487
1,[79],8491
1,[56],8496
2,"[13, 36]",8505
4,"[61, 67, 53, 58]",8508
1,[67],8514
1,[78],8522
1,[78],8531
3,"[40, 67, 66]",8539
2,"[55, 63]",8549
2,"[31, 53]",8560
1,[52],8570
5,"[31, 27, 36, 32, 0]",8580
1,[49],8590
1,[15],8602
7,"[10, 23, 23, 17, 58, 28, 24]",8607
2,"[3, 36]",8616
4,"[51, 48, 2, 72]",8622
3,"[9, 17, 23]",8628
3,"[74, 72, 72]",8637
1,[21],8646
1,[47],8656
1,[57],8663
3,"[55, 47, 70]",8675
1,[20],8682
1,[44],8693
4,"[57, 57, 26, 57]",8703
2,"[40, 24]",8714
2,"[57, 57]",8723
1,[65],8734
1,[51],8745
1,[5],8755
1,[54],8760
2,"[12, 12]",8767
1,[44],8773
1,[36],8777
3,"[7, 0, 7]",8787
1,[48],8792
4,"[83, 63, 86, 86]",8797
1,[59],8802
1,[37],8813
3,"[1, 41, 22]",8823
1,[50],8831
1,[3],8838
4,"[15, 13, 77, 56]",8845
1,[78],8852
1,[26],8859
3,"[62, 62, 59]",8866
1,[49],8871
1,[78],8879
1,[28],8885
1,[28],8889
1,[57],8899
1,[82],8904
1,[16],8907
1,[3],8916
1,[80],8919
1,[47],8925
1,[86],8932
1,[47],8936
1,[25],8939
2,"[75, 78]",8946
1,[27],8951
1,[83],8954
1,[2],8962
1,[69],8967
1,[51],8974
3,"[79, 79, 79]",8982
1,[58],8988
2,"[36, 58]",8995
1,[76],9001
1,[62],9009
1,[36],9013
2,"[47, 46]",9019
2,"[53, 58]",9027
1,[44],9031
1,[51],9037
1,[30],9039
2,"[77, 77]",9044
1,[65],9049
5,"[17, 51, 51, 36, 68]",9054
6,"[50, 2, 23, 62, 35, 63]",9059
2,"[64, 35]",9063
1,[16],9066
3,"[78, 12, 11]",9072
1,[32],9077
2,"[40, 40]",9082
2,"[0, 53]",9086
1,[38],9090
3,"[13, 13, 13]",9102
16,"[80, 25, 62, 24, 60, 59, 65, 55, 47, 20, 53, 36, 58, 9, 80, 79]",9111
6,"[54, 19, 19, 69, 76, 82]",9116
1,[1],9121
1,[55],9129
1,[62],9134
1,[52],9142
1,[17],9146
1,[83],9150
2,"[48, 65]",9157
1,[29],9162
1,[31],9169
1,[61],9173
1,[46],9178
2,"[2, 20]",9184
1,[83],9188
3,"[6, 6, 67]",9196
3,"[1, 59, 41]",9203
2,"[5, 5]",9208
1,[34],9212
3,"[46, 46, 46]",9217
1,[57],9230
1,[35],9236
1,[59],9241
9,"[74, 77, 80, 74, 74, 76, 74, 72, 78]",9245
1,[10],9249
1,[9],9256
1,[59],9261
5,"[27, 25, 25, 20, 55]",9268
1,[69],9272
5,"[77, 26, 10, 18, 49]",9277
1,[34],9281
1,[16],9285
2,"[84, 84]",9291
2,"[14, 14]",9297
1,[34],9301
1,[4],9311
2,"[28, 59]",9320
2,"[51, 51]",9327
5,"[20, 36, 60, 61, 54]",9332
2,"[81, 81]",9340
1,[3],9343
2,"[1, 40]",9352
1,[82],9358
1,[17],9363
2,"[81, 81]",9369
8,"[5, 17, 17, 17, 34, 18, 28, 27]",9375
3,"[44, 44, 44]",9381
1,[86],9389
1,[16],9395
1,[57],9399
3,"[35, 43, 16]",9411
1,[48],9420
4,"[27, 47, 54, 49]",9427
2,"[35, 33]",9432
5,"[27, 18, 27, 24, 28]",9437
1,[18],9443
4,"[27, 4, 10, 23]",9453
5,"[33, 32, 27, 24, 35]",9458
1,[13],9466
1,[15],9470
1,[72],9476
1,[56],9480
2,"[30, 30]",9487
2,"[40, 40]",9493
1,[71],9498
1,[13],9505
1,[9],9509
1,[27],9518
2,"[8, 8]",9522
2,"[85, 81]",9526
2,"[2, 30]",9530
7,"[28, 36, 28, 28, 17, 68, 28]",9538
2,"[16, 17]",9540
2,"[35, 62]",9542
1,[16],9547
9,"[11, 44, 45, 58, 58, 45, 45, 45, 59]",9552
1,[47],9557
1,[13],9563
1,[54],9569
1,[20],9573
1,[30],9579
1,[17],9584
8,"[2, 70, 13, 77, 25, 55, 8, 44]",9586
1,[17],9590
1,[16],9595
4,"[9, 17, 3, 15]",9603
1,[6],9607
8,"[82, 73, 60, 82, 66, 64, 46, 77]",9613
2,"[30, 24]",9618
2,"[46, 65]",9626
2,"[22, 22]",9631
1,[48],9636
1,[37],9641
1,[11],9647
1,[47],9652
1,[44],9655
2,"[69, 78]",9659
1,[48],9665
4,"[7, 26, 20, 14]",9673
1,[49],9679
7,"[64, 9, 71, 30, 51, 50, 47]",9688
2,"[59, 58]",9694
2,"[61, 0]",9701
1,[28],9705
1,[2],9714
12,"[61, 70, 24, 48, 59, 76, 54, 30, 33, 71, 21, 27]",9718
1,[29],9724
1,[74],9731
1,[45],9737
1,[16],9746
1,[84],9753
3,"[16, 42, 75]",9757
1,[43],9761
1,[85],9765
3,"[75, 75, 75]",9769
13,"[73, 77, 66, 60, 76, 64, 75, 20, 46, 82, 78, 82, 30]",9773
1,[20],9777
3,"[54, 54, 54]",9784
3,"[83, 73, 82]",9789
3,"[16, 33, 30]",9793
2,"[78, 32]",9798
5,"[24, 32, 32, 72, 73]",9803
21,"[30, 46, 62, 47, 57, 66, 56, 61, 20, 40, 65, 28, 43, 52, 1, 48, 47, 24, 76, 62, 62]",9810
4,"[55, 27, 45, 54]",9817
2,"[55, 76]",9824
1,[55],9831
1,[57],9841
1,[3],9849
6,"[26, 59, 52, 64, 27, 35]",9856
1,[62],9862
1,[18],9869
2,"[30, 46]",9878
1,[78],9884
1,[74],9889
9,"[13, 72, 7, 7, 21, 24, 32, 32, 5]",9896
2,"[5, 13]",9901
1,[44],9909
1,[13],9913
1,[27],9920
2,"[54, 32]",9926
9,"[37, 81, 37, 86, 79, 17, 29, 27, 17]",9931
4,"[22, 51, 75, 53]",9939
10,"[62, 46, 38, 48, 49, 38, 38, 26, 26, 62]",9944
1,[27],9951
1,[85],9957
3,"[12, 32, 33]",9964
1,[27],9969
1,[15],9977
4,"[43, 44, 30, 70]",9985
3,"[63, 40, 7]",9991
4,"[62, 47, 44, 14]",10000
1,[78],10008
21,"[31, 13, 6, 64, 53, 58, 31, 66, 33, 20, 2, 34, 60, 20, 61, 37, 52, 85, 52, 21, 52]",10015
4,"[77, 6, 76, 65]",10022
7,"[84, 34, 32, 51, 35, 15, 53]",10032
3,"[41, 1, 17]",10038
2,"[55, 31]",10044
1,[17],10050
1,[5],10056
1,[82],10063
4,"[43, 0, 33, 34]",10070
2,"[5, 48]",10082
1,[4],10089
1,[10],10095
3,"[47, 67, 14]",10099
1,[10],10105
1,[57],10115
83,"[64, 55, 38, 38, 55, 77, 55, 11, 6, 38, 77, 10, 18, 80, 38, 36, 79, 6, 54, 54, 54, 54, 8, 39, 38, 67, 5, 34, 67, 18, 54, 65, 34, 65, 82, 78, 40, 67, 38, 2, 43, 66, 16, 20, 72, 86, 30, 44, 46, 85, 63, 15, 1, 60, 47, 59, 63, 59, 2, 60, 14, 77, 59, 56, 48, 12, 62, 25, 76, 70, 3, 3, 66, 67, 46, 42, 17, 3, 26, 0, 59, 57, 41]",10123
1,[54],10131
1,[41],10142
1,[85],10148
2,"[8, 53]",10155
2,"[29, 29]",10162
3,"[9, 9, 53]",10170
1,[31],10177
2,"[29, 58]",10185
1,[4],10190
2,"[32, 27]",10198
2,"[65, 33]",10205
1,[65],10209
2,"[17, 51]",10216
2,"[52, 26]",10221
2,"[72, 14]",10228
2,"[63, 76]",10235
1,[38],10241
3,"[47, 41, 48]",10247
4,"[71, 71, 14, 14]",10254
3,"[45, 79, 59]",10262
6,"[43, 58, 27, 31, 63, 28]",10271
1,[80],10277
23,"[40, 5, 65, 43, 56, 81, 16, 27, 28, 28, 63, 58, 75, 57, 63, 50, 23, 10, 34, 78, 24, 36, 79]",10283
5,"[74, 74, 74, 74, 74]",10290
1,[57],10296
6,"[76, 76, 76, 76, 76, 69]",10304
1,[19],10310
1,[74],10318
1,[62],10324
3,"[62, 56, 56]",10330
6,"[66, 72, 16, 15, 80, 14]",10336
8,"[34, 10, 5, 28, 10, 60, 10, 9]",10341
1,[10],10345
1,[43],10351
1,[3],10360
1,[2],10367
1,[18],10373
2,"[26, 44]",10380
1,[14],10386
3,"[47, 78, 10]",10393
2,"[47, 47]",10400
1,[85],10408
10,"[51, 16, 17, 50, 68, 36, 17, 49, 3, 44]",10417
1,[12],10423
7,"[62, 62, 62, 62, 57, 52, 62]",10431
1,[69],10435
1,[46],10439
1,[39],10441
2,"[42, 70]",10446
5,"[34, 34, 34, 34, 34]",10451
2,"[39, 39]",10460
5,"[24, 49, 47, 35, 34]",10463
6,"[16, 43, 54, 40, 42, 46]",10471
1,[47],10478
2,"[66, 63]",10486
1,[83],10493
1,[39],10504
1,[27],10507
1,[15],10514
4,"[42, 37, 42, 70]",10519
1,[41],10527
15,"[56, 56, 68, 11, 3, 13, 71, 63, 11, 6, 1, 54, 46, 53, 27]",10532
1,[35],10536
1,[20],10543
4,"[17, 17, 17, 17]",10549
2,"[10, 10]",10556
1,[10],10562
1,[55],10565
5,"[11, 13, 72, 10, 39]",10570
1,[57],10575
4,"[29, 2, 15, 4]",10589
1,[20],10594
2,"[68, 25]",10603
1,[40],10607
1,[24],10613
1,[16],10621
2,"[18, 35]",10627
1,[18],10630
1,[86],10635
2,"[74, 3]",10642
1,[59],10649
1,[63],10656
1,[40],10662
1,[62],10671
8,"[59, 45, 11, 56, 7, 9, 4, 11]",10679
1,[59],10683
1,[65],10693
1,[29],10702
5,"[80, 20, 55, 80, 55]",10709
1,[18],10716
3,"[9, 55, 55]",10720
4,"[7, 7, 0, 7]",10729
5,"[59, 35, 31, 56, 71]",10737
1,[12],10744
1,[32],10752
1,[1],10759
1,[47],10771
1,[66],10775
1,[61],10780
4,"[50, 49, 59, 59]",10787
1,[78],10792
5,"[11, 82, 31, 6, 6]",10796
1,[68],10800
1,[41],10808
1,[54],10814
8,"[55, 76, 44, 30, 67, 73, 21, 32]",10821
1,[27],10827
1,[21],10834
1,[21],10842
3,"[64, 64, 64]",10847
2,"[30, 16]",10852
3,"[11, 11, 16]",10858
1,[83],10865
1,[76],10871
2,"[51, 51]",10882
1,[59],10889
3,"[3, 36, 16]",10897
1,[57],10901
1,[11],10907
1,[44],10914
1,[85],10924
2,"[1, 1]",10929
1,[38],10934
26,"[77, 69, 83, 63, 83, 83, 76, 76, 85, 77, 85, 69, 76, 63, 76, 86, 69, 76, 76, 69, 77, 69, 76, 63, 86, 77]",10941
21,"[47, 48, 44, 41, 55, 30, 67, 62, 75, 50, 52, 52, 20, 53, 39, 22, 39, 77, 59, 44, 44]",10945
1,[27],10950
5,"[48, 17, 56, 14, 15]",10955
1,[19],10958
16,"[60, 15, 13, 59, 15, 18, 60, 15, 58, 54, 15, 83, 65, 57, 6, 60]",10962
1,[27],10967
6,"[55, 55, 49, 15, 47, 62]",10973
1,[16],10978
1,[32],10983
1,[63],10990
1,[42],10996
1,[50],11002
2,"[55, 62]",11008
1,[82],11015
1,[84],11022
1,[66],11027
1,[59],11036
1,[51],11044
4,"[16, 16, 16, 16]",11048
3,"[64, 62, 5]",11052
1,[6],11057
2,"[82, 83]",11060
3,"[55, 80, 55]",11065
2,"[39, 39]",11071
3,"[65, 65, 65]",11074
2,"[65, 65]",11078
1,[19],11084
1,[55],11090
2,"[38, 20]",11097
1,[81],11106
6,"[86, 59, 15, 26, 77, 75]",11116
1,[27],11121
4,"[77, 77, 77, 16]",11129
3,"[84, 83, 78]",11133
1,[13],11138
22,"[65, 47, 33, 47, 22, 68, 79, 54, 28, 2, 56, 30, 62, 36, 40, 22, 66, 4, 27, 34, 33, 4]",11143
2,"[3, 16]",11149
1,[26],11154
1,[12],11160
18,"[40, 49, 49, 49, 58, 10, 46, 57, 57, 47, 38, 66, 66, 26, 66, 26, 66, 20]",11166
1,[27],11172
1,[18],11181
1,[57],11187
1,[73],11194
5,"[57, 54, 26, 66, 15]",11199
1,[84],11207
1,[54],11213
1,[59],11219
1,[82],11225
1,[48],11232
1,[11],11240
1,[54],11248
2,"[6, 1]",11255
1,[25],11262
1,[49],11270
2,"[27, 25]",11278
6,"[80, 86, 37, 74, 84, 70]",11284
2,"[10, 26]",11291
13,"[1, 32, 23, 78, 21, 32, 36, 22, 59, 52, 49, 21, 16]",11299
4,"[82, 73, 50, 83]",11307
1,[49],11314
1,[17],11322
5,"[17, 60, 76, 13, 28]",11329
9,"[13, 37, 31, 3, 16, 21, 19, 50, 13]",11339
3,"[46, 73, 82]",11345
2,"[76, 84]",11353
1,[12],11361
30,"[30, 22, 58, 20, 82, 27, 34, 67, 48, 35, 55, 54, 31, 24, 26, 36, 62, 32, 66, 57, 33, 75, 2, 34, 46, 49, 45, 29, 66, 73]",11369
1,[66],11377
2,"[73, 54]",11384
1,[42],11392
1,[44],11398
1,[7],11407
7,"[2, 44, 55, 30, 64, 30, 51]",11416
6,"[54, 80, 13, 27, 56, 53]",11424
2,"[66, 8]",11432
1,[2],11442
1,[69],11449
1,[59],11457
3,"[29, 62, 65]",11464
1,[47],11472
2,"[48, 61]",11478
2,"[47, 81]",11486
3,"[17, 47, 48]",11491
1,[82],11497
5,"[23, 23, 36, 36, 7]",11499
1,[41],11502
1,[39],11507
8,"[15, 17, 2, 17, 81, 43, 14, 44]",11511
3,"[47, 14, 48]",11516
5,"[28, 28, 17, 28, 28]",11520
1,[36],11525
3,"[77, 54, 47]",11533
3,"[64, 69, 47]",11538
6,"[22, 59, 56, 52, 22, 34]",11545
2,"[50, 50]",11551
1,[21],11558
2,"[56, 56]",11567
2,"[78, 78]",11576
2,"[50, 50]",11584
4,"[17, 17, 17, 17]",11592
2,"[27, 27]",11597
1,[52],11602
1,[72],11605
4,"[33, 33, 85, 63]",11609
2,"[37, 1]",11613
1,[9],11618
2,"[10, 10]",11621
1,[31],11624
1,[14],11633
2,"[3, 59]",11638
1,[13],11642
2,"[18, 18]",11649
2,"[31, 31]",11656
2,"[16, 39]",11664
8,"[73, 43, 27, 63, 52, 16, 68, 37]",11671
1,[27],11682
1,[68],11690
1,[20],11702
2,"[10, 10]",11714
1,[53],11718
1,[62],11726
1,[27],11730
2,"[39, 59]",11736
2,"[85, 2]",11739
6,"[57, 62, 52, 61, 57, 52]",11744
2,"[61, 60]",11748
1,[50],11754
1,[44],11759
1,[53],11766
1,[48],11772
1,[23],11782
2,"[27, 8]",11788
1,[59],11795
1,[45],11798
1,[75],11803
1,[51],11808
1,[4],11813
4,"[83, 83, 86, 84]",11817
3,"[7, 34, 32]",11822
1,[33],11827
1,[5],11835
1,[41],11840
1,[38],11845
2,"[12, 22]",11850
4,"[34, 34, 34, 34]",11854
1,[58],11859
2,"[74, 81]",11863
18,"[66, 20, 75, 31, 31, 27, 29, 35, 35, 3, 1, 23, 17, 33, 17, 77, 77, 21]",11870
3,"[27, 48, 45]",11877
1,[57],11881
2,"[47, 47]",11891
49,"[21, 35, 35, 39, 6, 34, 17, 36, 4, 64, 64, 23, 3, 34, 38, 65, 15, 54, 17, 21, 55, 25, 16, 2, 56, 43, 67, 61, 43, 47, 31, 13, 1, 27, 60, 58, 29, 59, 14, 20, 59, 27, 13, 33, 47, 39, 33, 24, 54]",11896
1,[39],11901
1,[43],11908
6,"[20, 17, 27, 49, 59, 27]",11912
1,[54],11917
4,"[27, 45, 55, 55]",11921
2,"[36, 36]",11926
2,"[55, 52]",11932
3,"[80, 71, 69]",11935
1,[82],11941
1,[27],11947
2,"[33, 33]",11951
1,[9],11955
1,[38],11960
4,"[67, 67, 67, 67]",11967
3,"[22, 1, 41]",11972
1,[78],11977
11,"[28, 23, 23, 10, 14, 17, 24, 34, 5, 9, 9]",11980
2,"[25, 47]",11986
1,[59],11991
1,[20],11998
2,"[47, 45]",12005
1,[6],12010
1,[85],12016
2,"[72, 82]",12023
1,[54],12029
6,"[28, 24, 24, 28, 28, 24]",12034
2,"[6, 3]",12043
2,"[65, 65]",12047
6,"[33, 16, 49, 18, 27, 47]",12053
1,[24],12060
1,[85],12070
1,[44],12076
3,"[51, 17, 51]",12084
1,[81],12087
1,[55],12092
1,[44],12099
2,"[55, 57]",12104
1,[44],12114
1,[20],12123
3,"[80, 80, 80]",12129
49,"[1, 4, 16, 42, 6, 5, 15, 46, 16, 40, 60, 29, 16, 18, 30, 32, 13, 58, 24, 43, 26, 43, 36, 76, 34, 9, 56, 18, 42, 3, 62, 69, 3, 2, 13, 26, 54, 64, 34, 21, 16, 7, 54, 13, 30, 17, 1, 31, 31]",12135
5,"[53, 26, 53, 77, 30]",12141
1,[43],12150
2,"[5, 5]",12158
1,[6],12162
9,"[40, 11, 68, 69, 13, 68, 10, 7, 71]",12166
1,[2],12168
1,[86],12172
8,"[46, 62, 37, 14, 77, 17, 16, 28]",12175
1,[29],12180
190,"[18, 71, 16, 57, 31, 30, 57, 71, 44, 30, 58, 30, 58, 16, 44, 85, 14, 47, 72, 27, 61, 76, 44, 32, 26, 62, 12, 20, 32, 77, 26, 47, 19, 62, 43, 19, 66, 84, 47, 12, 56, 32, 13, 16, 31, 26, 31, 66, 1, 27, 74, 59, 16, 59, 86, 27, 28, 27, 60, 27, 15, 86, 73, 27, 45, 59, 66, 72, 73, 59, 59, 45, 30, 28, 28, 56, 85, 44, 14, 29, 27, 29, 44, 29, 29, 74, 74, 66, 29, 14, 59, 27, 74, 44, 44, 28, 20, 5, 2, 16, 23, 48, 63, 36, 52, 36, 67, 52, 82, 51, 36, 53, 48, 35, 53, 35, 35, 35, 26, 17, 9, 65, 37, 65, 49, 39, 82, 39, 81, 22, 40, 40, 81, 51, 38, 49, 64, 23, 64, 38, 67, 23, 81, 22, 6, 21, 9, 79, 21, 18, 33, 3, 25, 70, 19, 62, 33, 55, 25, 11, 33, 62, 62, 55, 25, 26, 43, 47, 56, 77, 84, 21, 67, 17, 54, 35, 54, 34, 54, 63, 34, 54, 42, 42, 54, 35, 21, 34, 24, 67]",12185
1,[22],12189
1,[61],12194
1,[36],12197
5,"[0, 6, 69, 3, 46]",12205
2,"[49, 45]",12208
1,[22],12214
1,[10],12220
1,[17],12230
3,"[54, 54, 54]",12234
